net_id,std_nr
6215467,10000033
6216455,10000043
6277179,10000044
6277209,10000047
6277225,10000049
6216498,10000071
6318983,10000083
6238343,10000091
6319068,10000096
6330819,10000099
6319122,10000112
6277284,10000113
6277292,10000120
6277314,10000125
6065767,10000128
6050476,10000129
6216544,10000135
6340393,10000138
6081746,10000143
6216560,10000145
6277373,10000156
6035116,10000158
6277438,10000171
6031250,10000178
6087795,10000185
6064183,10000192
6330851,10000193
6319254,10000195
6277543,10000201
6277594,10000209
6277632,10000219
6216579,10000224
6319300,10000230
6277748,10000238
6277772,10000243
6277802,10000248
6277810,10000249
6319343,10000250
6277845,10000253
6310613,10000254
6277861,10000257
6310621,10000260
6277896,10000265
6251323,10000271
6319386,10000283
6340539,10000297
6319424,10000307
6319432,10000309
6340555,10000316
6278132,10000321
6238416,10000336
6328415,10000340
6340571,10000341
6319483,10000349
6310648,10000351
6278272,10000352
6225683,10000353
6319491,10000354
6278310,10000362
6340601,10000367
6044670,10000368
6319564,10000372
6319580,10000377
6278388,10000383
6075401,10000387
6319629,10000390
6278477,10000397
6319637,10000398
6319653,10000403
6032540,10000407
6278698,10000431
6319718,10000432
6278701,10000434
6328458,10000435
6074197,10000437
6033032,10000439
6319726,10000440
6330932,10000446
6278795,10000450
6330940,10000456
6319750,10000460
6340636,10000463
6340644,10000465
6278876,10000470
6278892,10000473
6319793,10000474
6278906,10000476
6319807,10000477
6278930,10000489
6319866,10000492
6340660,10000494
6319904,10000502
6340679,10000506
6319912,10000508
6238459,10000510
6319939,10000514
6279023,10000522
6319998,10000523
6340695,10000526
6185185,10000528
6216749,10000529
6320058,10000540
6084826,10000541
6251331,10000544
6320082,10000545
6320112,10000551
6320163,10000564
6320171,10000566
6320198,10000570
6279163,10000573
6279171,10000574
6279201,10000577
6320228,10000580
6320244,10000585
6340717,10000595
6279260,10000597
6320295,10000602
6035264,10000604
6125212,10000606
6320309,10000607
6273017,10000608
6320325,10000613
6283802,10000620
6225780,10000628
6058183,10000629
6338267,10000633
6279406,10000639
6320414,10000643
6279414,10000644
6279457,10000652
6320465,10000655
6320481,10000658
6320503,10000659
6320546,10000662
6279473,10000665
6320562,10000672
6320600,10000679
6340776,10000680
6330983,10000681
6036953,10000685
6279511,10000686
6320635,10000687
6320678,10000692
6279538,10000693
6320686,10000694
6320694,10000699
6320708,10000701
6176526,10000702
6320716,10000703
6279589,10000706
6267629,10000709
6084966,10000714
6320759,10000715
6279635,10000718
6234011,10000723
6320791,10000728
6320880,10000752
6320902,10000756
6340806,10000757
6310672,10000758
6320910,10000759
6320937,10000767
6131808,10000786
6321003,10000787
6321046,10000794
6321054,10000795
6210619,10000797
6331009,10000802
6036449,10000806
6321100,10000810
6321119,10000812
6279945,10000813
6321127,10000814
6321151,10000820
6238483,10000823
6321216,10000831
6280005,10000832
6280013,10000833
6280021,10000834
6331017,10000837
6321240,10000845
6280072,10000847
6280080,10000848
6321267,10000853
6321275,10000857
6280110,10000859
6041728,10000866
6321348,10000867
6321356,10000868
6340881,10000873
6280196,10000880
6280218,10000881
6280226,10000882
6173551,10000890
6321399,10000893
6321402,10000895
6066860,10000898
6280307,10000899
6036791,10000903
6331068,10000905
6321461,10000915
6225918,10000919
6251382,10000926
6252583,10000927
6328482,10000933
6280412,10000938
6280439,10000942
6216870,10000946
6236138,10000956
6321623,10000959
6089003,10000967
6321682,10000969
6280544,10000973
6280560,10000982
6280587,10000984
6340938,10000985
6321763,10000988
6280595,10000991
6340954,10000993
6328490,10001002
6280609,10001003
6321860,10001005
6321879,10001008
6280625,10001009
6280633,10001013
6280641,10001014
6340962,10001016
6037356,10001025
6321941,10001029
6280684,10001030
6050972,10001033
6280706,10001040
6321984,10001043
6324207,10001046
6280730,10001048
6310699,10001051
6322018,10001052
6075193,10001054
6280765,10001055
6322077,10001071
6280862,10001074
6280870,10001075
6310702,10001076
6073638,10001080
6331106,10001081
6252613,10001084
6322107,10001086
6322115,10001087
6328504,10001094
6211526,10001099
6322174,10001101
6322190,10001104
6280935,10001107
6340997,10001108
6322212,10001110
6280943,10001112
6280951,10001116
6236162,10001121
6322247,10001124
6322255,10001125
6324223,10001135
6322336,10001150
6322352,10001154
6322387,10001163
6331114,10001169
6322417,10001171
6042732,10001175
6241565,10001176
6322468,10001177
6281176,10001182
6238548,10001183
6322492,10001184
6281184,10001185
6322522,10001194
6322530,10001196
6234054,10001220
6281338,10001230
6322654,10001236
6322697,10001251
6322700,10001252
6322727,10001262
6331122,10001284
6232000,10001289
6322816,10001290
6322883,10001305
6324274,10001306
6322913,10001314
6281540,10001315
6281559,10001316
6341152,10001318
6281583,10001322
6238645,10001325
6341160,10001327
6047122,10001328
6322956,10001341
6281729,10001347
6281737,10001349
6238661,10001369
6323057,10001372
6067980,10001380
6281958,10001412
6281974,10001415
6217087,10001418
6031870,10001419
6282008,10001420
6282024,10001423
6282040,10001425
6341268,10001444
6310729,10001447
6037038,10001452
6328520,10001456
6341276,10001463
6032850,10001466
6252737,10001472
6341284,10001473
6282385,10001475
6282393,10001476
6282431,10001485
6282458,10001487
6282504,10001492
6232019,10001498
6282571,10001500
6282652,10001509
6282660,10001511
6282695,10001518
6282768,10001525
6341322,10001533
6341330,10001535
6282822,10001537
6217109,10001538
6282830,10001539
6282857,10001545
6282873,10001547
6341357,10001548
6282881,10001549
6282946,10001554
6282954,10001556
6282997,10001563
6283004,10001564
6275834,10001565
6283039,10001569
6283101,10001579
6283128,10001581
6283144,10001586
6283160,10001590
6057322,10001597
6035485,10001602
6283349,10001615
6283365,10001618
6283446,10001626
6283454,10001627
6341438,10001629
6283586,10001643
6041868,10001652
6341446,10001662
6035566,10001663
6238777,10001670
6331238,10001673
6283837,10001674
6283888,10001682
6283896,10001683
6283942,10001689
6283985,10001696
6217141,10001698
6284027,10001704
6284035,10001706
6331246,10001708
6284094,10001714
6284132,10001720
6284140,10001721
6284302,10001740
6267688,10001748
6341519,10001752
6341527,10001763
6284434,10001764
6309003,10001768
6284485,10001773
6331262,10001780
6338275,10001782
6284558,10001785
6284566,10001789
6284582,10001791
6328571,10001796
6241956,10001799
6271839,10001800
6341586,10001804
6180655,10001810
6284744,10001825
6331270,10001838
6324339,10001847
6217206,10001851
6341632,10001855
6284957,10001860
6285007,10001866
6033059,10001874
6285139,10001888
6068189,10001889
6285171,10001893
6285198,10001896
6341713,10001904
6033563,10001916
6285376,10001921
6271847,10001925
6341748,10001928
6331289,10001937
6041582,10001939
6331297,10001944
6285600,10001957
6328598,10001965
6285678,10001968
6285759,10001978
6285767,10001980
6285805,10001986
6331300,10001988
6285864,10001994
6285880,10001996
6341810,10002000
6285937,10002003
6238815,10002013
6286003,10002014
6341837,10002018
6286135,10002035
6286194,10002042
6341853,10002046
6286259,10002051
6286305,10002057
6286348,10002062
6286356,10002063
6286410,10002071
6331351,10002074
6286461,10002081
6286550,10002090
6341861,10002094
6286615,10002100
6286623,10002106
6286658,10002109
6286763,10002121
6286844,10002131
6287018,10002150
6147577,10002154
6287042,10002155
6328601,10002171
6287190,10002178
6287212,10002181
6059171,10002192
6287328,10002196
6323162,10002198
6287352,10002201
6287360,10002202
6287395,10002206
6287484,10002223
6035523,10002229
6232086,10002240
6287581,10002247
6287603,10002248
6287611,10002249
6287727,10002265
6331408,10002275
6287816,10002280
6342027,10002281
6287832,10002284
6331424,10002296
6288014,10002310
6288030,10002312
6288103,10002321
6288138,10002323
6252877,10002327
6288154,10002331
6288162,10002332
6238874,10002334
6288170,10002335
6288235,10002342
6288243,10002344
6217338,10002352
6288383,10002366
6234097,10002367
6331440,10002369
6288529,10002391
6288537,10002393
6288685,10002413
6288731,10002420
6342116,10002424
6288871,10002437
6336094,10002438
6288898,10002440
6288936,10002450
6288944,10002451
6289029,10002460
6242006,10002464
6342175,10002487
6289231,10002490
6289258,10002491
6289282,10002496
6289398,10002508
6289428,10002511
6289436,10002512
6289517,10002524
6289576,10002531
6289584,10002532
6289665,10002544
6342221,10002568
6234119,10002576
6289908,10002578
6289991,10002589
6290000,10002590
6251471,10002612
6290205,10002623
6357601,10002646
6290434,10002651
6217400,10002658
6342299,10002667
6290531,10002673
6290574,10002677
6342329,10002682
61425,10002689
6290760,10002707
6338305,10002710
6290787,10002713
6290825,10002722
6336116,10002727
6331521,10002734
6290973,10002745
6342388,10002756
6342396,10002758
6291120,10002767
6291147,10002773
6291244,10002788
6342434,10002789
6291309,10002799
6291406,10002810
6334407,10002826
6291554,10002831
6291635,10002840
6291651,10002842
6291678,10002844
6291694,10002846
6291767,10002857
6328660,10002858
6291783,10002860
6342469,10002862
6291902,10002875
6291988,10002884
6217451,10002889
6292143,10002910
6292178,10002914
6242057,10002916
6041388,10002924
6252990,10002931
6292313,10002944
6292356,10002947
6058795,10002952
6292437,10002960
6292585,10002977
6292623,10002983
6292666,10002987
6243185,10002988
6292674,10002989
6292690,10002993
6292909,10003018
6292933,10003022
6293018,10003029
6293034,10003032
6293115,10003041
6293255,10003061
6293352,10003069
6293425,10003076
6293484,10003082
6293557,10003089
6241573,10003091
6293638,10003097
6293654,10003099
6328687,10003104
6127622,10003110
6342612,10003113
6342620,10003116
6293786,10003119
6293794,10003120
6217494,10003122
6217508,10003128
6236324,10003129
6293867,10003136
6293883,10003138
6226574,10003139
6293905,10003141
6293913,10003142
6293999,10003156
6294006,10003157
6294103,10003169
6294111,10003170
6294138,10003171
6331599,10003172
6294235,10003185
6272002,10003193
6217516,10003194
6294367,10003202
6294375,10003204
6294413,10003210
6294448,10003214
6294456,10003215
6342663,10003216
6342671,10003217
6342698,10003225
6294537,10003227
6076858,10003228
6342701,10003230
6294588,10003233
6342728,10003235
6294626,10003237
6331610,10003256
6294782,10003258
6294812,10003261
6294855,10003266
6294898,10003269
6294936,10003272
6294987,10003283
6342752,10003285
6295010,10003287
6295037,10003291
6342779,10003300
6041760,10003304
6295134,10003306
6295177,10003310
6338321,10003313
6206689,10003325
6232213,10003328
6295290,10003329
6080820,10003335
6295339,10003337
6295355,10003339
6342817,10003347
6295460,10003349
6295487,10003351
6295576,10003366
6226639,10003368
6295592,10003369
6295738,10003387
6295789,10003393
6295819,10003396
6295878,10003401
6295932,10003413
6044123,10003417
6342922,10003420
6226647,10003421
6080464,10003422
6296025,10003429
6296033,10003431
6296076,10003436
6296084,10003437
6342957,10003451
6296262,10003459
6296270,10003460
6296289,10003461
6226655,10003465
6296327,10003466
6342981,10003470
6296394,10003475
6296475,10003493
6226663,10003494
6296505,10003498
6296548,10003502
6296572,10003507
6296696,10003524
6296726,10003526
6296734,10003527
6296823,10003540
6296858,10003542
6296912,10003550
6296955,10003555
6331734,10003560
6297048,10003568
6343104,10003569
6297064,10003571
6297080,10003575
6297102,10003578
6334431,10003589
6297196,10003591
6297307,10003608
6297323,10003610
6239048,10003620
6242081,10003631
6239056,10003645
6297587,10003648
6049397,10003654
6297668,10003659
6337082,10003663
6297722,10003668
6297730,10003669
6217648,10003670
6297773,10003675
6297803,10003678
6297846,10003682
6343201,10003683
6297900,10003693
6056237,10003701
6297978,10003705
6343252,10003716
6298192,10003736
6242103,10003743
6234151,10003746
6348645,10003782
6226728,10003807
6337090,10003827
6350712,10003853
6298362,10003865
6062628,10003867
6328725,10003872
6298400,10003874
6343295,10003875
6298613,10003908
6298761,10003929
6298907,10003949
6298982,10003956
6298990,10003958
6334458,10003974
6299172,10003983
6299199,10003985
6243266,10003990
6331777,10003991
6236413,10003993
6343368,10003994
6299253,10003996
6299261,10003999
6217877,10004151
6226833,10004199
6236499,10004200
6301398,10004226
6268021,10004229
6301436,10004230
6075924,10004234
6236510,10004239
6301479,10004240
6217923,10004252
6232396,10004253
6328776,10004256
6239641,10004258
6217966,10004330
6323219,10004347
6302459,10004416
6302475,10004418
6302831,10004471
6302874,10004474
6328784,10004475
6302890,10004481
6302939,10004485
6310834,10004488
6331785,10004500
6331793,10004504
6303072,10004506
6032583,10004515
6303226,10004522
6303277,10004527
6303315,10004532
6243339,10004534
6303374,10004538
6303382,10004539
6239927,10004545
6303439,10004547
6343503,10004548
6239935,10004550
6323243,10004560
6239951,10004566
6303544,10004572
6309909,10004576
6232558,10004583
6303617,10004587
6303676,10004597
6303684,10004598
6303838,10004615
6331823,10004621
6303897,10004625
6303900,10004627
6226981,10004634
6272088,10004635
6236642,10004641
6304060,10004665
6304095,10004668
6304141,10004673
6304168,10004674
6045243,10004682
6234305,10004684
6304265,10004690
6304273,10004691
6304281,10004692
6304338,10004695
6304427,10004707
6219861,10004910
6304621,10004971
6219896,10005021
6304664,10005099
6331882,10005129
6268110,10005137
6331890,10005226
6219934,10005390
6304796,10005404
6304818,10005412
6331912,10005420
6304826,10005447
6304842,10005463
6343651,10005501
6304907,10005587
6304966,10005676
6305008,10005730
6343694,10005870
6338399,10005889
6305067,10005897
6305091,10005935
6305156,10006028
6343716,10006036
6305296,10006214
6305318,10006222
6338402,10006257
6082823,10006281
6305377,10006346
6305431,10006419
6305482,10006451
6343732,10006524
6305644,10006664
6076696,10006761
6350739,10006842
6220037,10006877
6305814,10007008
6310869,10007113
6305873,10007172
6305970,10007288
6343791,10007393
6241271,10007458
6306071,10007490
6306101,10007539
6306179,10007644
6276024,10007725
6079121,10007776
6343864,10007822
6306306,10007873
6306322,10007903
6306349,10007938
6306403,10008047
6306454,10008098
6243401,10008128
6306489,10008160
6240879,10008187
6306500,10008241
6306543,10008349
6268145,10008500
6306705,10008640
6306721,10008675
6306748,10008683
6306772,10008721
6306799,10008756
6343899,10008810
6253393,10008829
6306829,10008853
6306853,10008896
6306942,10009000
6331955,10009043
6306985,10009086
6307019,10009124
6307086,10009221
6307132,10009353
6220444,10009442
6307205,10009558
6307221,10009574
6307396,10009833
6227171,10009930
6307485,10009965
6050441,10010017
6307515,10010041
6307523,10010068
6220592,10010211
6220894,10010505
6220991,10010610
6221068,10010688
6221084,10010718
6221106,10010734
6144616,10010777
6221246,10010866
6221254,10010874
6221270,10010890
6221300,10010920
6221343,10010963
6221386,10011005
6221424,10011056
6221572,10011218
6221645,10011285
6221653,10011293
6221688,10011315
6221696,10011323
6221718,10011331
6221769,10011390
6221866,10011498
6221874,10011501
6221890,10011536
6221904,10011544
6222056,10011684
6222188,10011811
6222331,10011978
6222374,10012001
6222420,10012060
6222501,10012133
6222668,10012281
6222692,10012338
6222714,10012354
6222803,10012435
6222854,10012486
6222862,10012494
6222986,10012605
6223184,10012818
6223206,10012834
6223311,10012931
6223486,10013091
6223516,10013121
6223605,10013229
6223613,10013237
6223621,10013245
6079970,10013407
6223818,10013423
6223869,10013482
6223907,10013520
6223982,10013601
6224199,10013822
6224261,10013903
6224318,10013946
6224326,10013954
6224415,10014047
6224423,10014055
6224431,10014063
6224520,10014160
6224547,10014187
6224563,10014209
6224679,10014306
6224695,10014322
6224709,10014330
6224717,10014349
6224784,10014411
6224830,10014470
6224873,10014519
6224903,10014535
6224989,10014616
6225020,10014659
6225551,10015175
6149634,10015205
6227538,10015566
6227643,10015671
6228011,10016066
6228062,10016104
6228151,10016201
6228178,10016228
6228194,10016244
6228291,10016341
6071015,10016457
6228526,10016570
6228542,10016597
6228569,10016619
6228593,10016643
6228615,10016678
6228658,10016708
6228690,10016740
6228712,10016767
6228798,10016848
6228895,10016937
6229042,10017089
6229107,10017143
6229115,10017151
6229174,10017216
6229220,10017267
6229239,10017275
6229263,10017305
6229557,10017593
6229573,10017615
6229581,10017623
6229603,10017631
6229638,10017666
6229662,10017690
6229670,10017704
6229743,10017771
6229778,10017801
6229840,10017887
6230032,10018085
6230156,10018204
6230180,10018239
6230237,10018298
6230350,10018409
6230385,10018433
6230431,10018492
6230490,10018549
6230547,10018603
6230563,10018638
6230571,10018646
6033865,10018689
6230679,10018727
6230687,10018735
6230806,10018859
6230822,10018875
6230938,10018972
6230962,10019006
6230970,10019014
6231098,10019146
6231195,10019235
6030750,10019278
6231241,10019294
6231276,10019316
6231306,10019340
6231322,10019367
6231349,10019383
6231357,10019391
6231373,10019413
6231438,10019464
6075517,10019480
6231462,10019499
6231519,10019545
6231586,10019626
6231683,10019723
6231721,10019774
6231799,10019839
6231837,10019871
6232647,10019936
6232736,10020004
6232744,10020012
6232906,10020187
6233031,10020314
6233325,10020608
6233406,10020675
6233449,10020713
6233546,10020802
6233562,10020829
6233570,10020837
6233619,10020888
6233643,10020926
6233813,10021094
6233910,10021183
6233937,10021205
6233953,10021221
6233961,10021248
6235085,10021965
6235093,10021973
6235174,10022066
6235190,10022082
6235255,10022147
6235263,10022155
6235425,10022317
6235891,10022783
6235972,10022864
6236847,10023070
6236871,10023100
6236936,10023143
6237010,10023232
6237045,10023267
6238076,10024298
6238084,10024301
6238173,10024409
6238181,10024417
6240194,10024662
6240232,10024700
6083315,10024751
6240291,10024778
6240305,10024786
6240364,10024832
6240429,10024891
6240461,10024948
6240577,10025030
6240666,10025138
6240690,10025162
6241034,10025383
6241190,10025545
6241336,10025596
6241387,10025650
6241425,10025693
6241514,10025782
6241611,10025820
6241646,10025847
6241689,10025898
6241786,10025995
6241832,10026045
6241891,10026126
6242383,10026282
6242456,10026347
6242626,10026517
6242707,10026606
6242774,10026665
6242863,10026770
6243576,10027009
6247733,10031189
6247776,10031219
6247997,10031448
6248306,10031758
6250874,10034323
6250890,10034358
6250912,10034374
6250963,10034420
6251064,10034528
6251080,10034544
6251730,10034803
6251765,10034846
6251838,10034897
6251846,10034900
6251889,10034943
6252125,10035192
6252133,10035206
6252176,10035230
6252184,10035249
6252451,10035524
6253539,10035656
6253598,10035702
6253644,10035745
6253687,10035796
6253849,10035966
6253911,10036024
6255388,10037500
6256791,10038906
6265138,10047247
6265154,10047263
6265448,10047565
6265502,10047646
6265553,10047697
6265588,10047719
6265677,10047808
6265685,10047816
6265715,10047840
6265898,10048014
6265936,10048049
6266010,10048146
6266029,10048154
6266150,10048278
6266215,10048332
6266274,10048383
6266452,10048553
6266460,10048561
6266509,10048626
6267270,10049398
6267319,10049444
6267394,10049517
6267459,10049584
6267491,10049622
6267505,10049630
6268226,10049711
6268315,10049819
6268358,10049843
6268420,10049924
6268439,10049932
6268552,10050035
6268609,10050094
6268641,10050132
6268692,10050175
6268749,10050221
6268870,10050345
6270026,10051503
6270581,10052070
6270611,10052097
6270719,10052194
6270727,10052208
6270875,10052356
6270921,10052402
6271030,10052526
6271391,10052887
6271502,10052992
6271510,10053018
6271553,10053050
6271588,10053077
6272223,10053247
6272266,10053271
6272622,10053654
6272657,10053689
6272665,10053697
6272673,10053700
6272754,10053778
6272770,10053794
6272819,10053832
6272843,10053867
6272851,10053875
6273467,10054103
6273904,10054537
6274005,10054642
6275230,10055819
6275443,10055924
6084427,10055975
6275559,10056025
6275710,10056181
6276091,10056238
6276113,10056254
6276172,10056300
6276253,10056394
6031137,10056750
6276687,10056807
6276709,10056823
6276830,10056890
6276911,10056963
6277101,10057153
6308538,10057463
6308546,10057471
6134823,10057501
6308694,10057668
6308767,10057730
6308775,10057749
6308783,10057757
6308163,10058516
6309143,10058702
6309186,10058737
6309275,10058842
6309488,10059059
6309526,10059083
6047726,10059105
6309569,10059148
6309607,10059180
6309631,10059210
6309658,10059229
6309925,10059431
6310028,10059539
6310036,10059547
6310087,10059601
6310109,10059636
6310273,10059806
6310338,10059849
6310990,10060235
6311210,10060502
6311229,10060510
6311237,10060529
6311326,10060618
6311393,10060685
6311431,10060723
6311490,10060782
6311504,10060790
6311547,10060839
6311628,10060901
6311776,10061053
6311784,10061061
6312071,10061363
6312098,10061371
6076416,10061436
6312241,10061568
6312268,10061576
6312314,10061622
6312373,10061681
6312381,10061703
6312543,10061851
6312632,10061940
6312713,10062025
6312756,10062068
6312926,10062254
6313264,10062629
6313345,10062726
6376304,10062769
6313418,10062777
6313434,10062793
6313531,10062912
6313558,10062920
6313647,10063048
6313973,10063374
6313981,10063382
6314163,10063560
6314228,10063609
6314244,10063625
6315178,10064567
6315437,10064842
6317170,10066578
6037992,10067329
6317960,10067388
6318029,10067450
6318096,10067515
6323294,10068201
6323332,10068252
6323359,10068279
6323537,10068465
6323553,10068481
6323618,10068546
6323707,10068635
6323820,10068759
6323839,10068767
6323871,10068805
6323901,10068821
6323928,10068848
6323944,10068864
6357644,10068872
6323987,10068902
6324665,10069089
6324738,10069143
6324746,10069151
6324770,10069194
6044433,10069216
6324797,10069224
6324800,10069232
6324843,10069275
6324916,10069348
6324932,10069364
6325017,10069445
6325025,10069453
6325084,10069534
6325149,10069593
6325173,10069623
6325335,10069771
6325343,10069798
6325378,10069836
6325386,10069852
6325556,10070036
6325564,10070044
6325602,10070087
6325629,10070109
6325815,10070311
6325858,10070354
6325866,10070362
6325874,10070370
6325882,10070389
6325904,10070400
6325920,10070427
6325955,10070451
6326013,10070516
6326021,10070524
6138926,10070591
6326226,10070710
6326293,10070796
6326358,10070850
6326420,10070923
6326668,10071156
6326811,10071318
6326838,10071326
6326870,10071369
6326900,10071393
6326943,10071431
6327001,10071490
6327052,10071539
6327133,10071644
6327184,10071687
6142192,10071695
6327230,10071741
6327273,10071792
6327303,10071814
6327478,10071989
6327540,10072055
6327559,10072063
6327591,10072128
6327605,10072136
6327729,10072268
6328075,10072632
6328083,10072640
6328261,10072845
6172598,10072950
6329152,10073248
6329179,10073264
6329217,10073302
6329225,10073329
6329284,10073388
6329349,10073450
6329454,10073558
6329462,10073566
6329497,10073604
6329500,10073612
6329527,10073647
6329535,10073655
6329659,10073787
6329667,10073795
6329675,10073809
6329713,10073841
6329748,10073876
6329756,10073884
6329772,10073914
6330029,10074171
6330037,10074198
6330045,10074201
6330053,10074228
6330061,10074236
6330088,10074244
6372988,10074422
6330282,10074430
6330401,10074562
6330584,10074732
6330711,10074864
6332099,10075038
6332110,10075054
6332285,10075216
6332382,10075305
6332404,10075321
6332463,10075399
6332498,10075410
6332579,10075496
6332617,10075542
6333346,10076255
6333400,10076344
6333427,10076360
6333567,10076506
6333699,10076646
6333710,10076662
6333729,10076670
6333869,10076816
6333885,10076832
6333923,10076875
6333974,10076913
6333982,10076921
6334024,10076972
6334091,10077049
6334113,10077065
6334601,10077367
6334644,10077391
6334679,10077421
6334865,10077642
6334946,10077715
6335004,10077790
6335063,10077855
6335071,10077863
6335128,10077901
6335233,10078029
6335241,10078037
6335268,10078045
6118216,10078193
6335497,10078304
6335543,10078355
6335667,10078487
6335756,10078576
6335772,10078592
6335950,10078770
6335977,10078797
6336132,10078843
6336159,10078878
6336175,10078908
6336272,10078991
6336442,10079157
6336485,10079203
6336531,10079262
6336574,10079297
6336620,10079351
6336728,10079440
6336736,10079459
6336795,10079513
6336825,10079556
6336876,10079599
6336965,10079696
6337198,10079858
6337317,10079971
6337384,10080058
6337422,10080090
6337554,10080228
6337619,10080287
6337724,10080422
6337767,10080465
6337961,10080686
6084036,10080716
6338054,10080767
6338070,10080783
6338100,10080813
6338143,10080864
6338151,10080872
6338216,10080929
6338534,10081038
6338569,10081062
6338852,10081348
6338860,10081356
6338909,10081399
6338917,10081402
6338933,10081429
6338941,10081437
6339026,10081518
6339255,10081755
6339417,10081925
6339433,10081941
6339468,10081984
6339506,10082042
6339514,10082050
6339557,10082115
6339700,10082255
6339794,10082360
6339808,10082379
6340040,10082654
6340180,10082816
6340261,10082891
6340318,10082921
6344216,10083057
6344224,10083065
6344259,10083103
6344275,10083138
6344313,10083170
6344348,10083197
6344372,10083227
6344380,10083235
6344526,10083367
6344615,10083464
6344712,10083553
6344747,10083596
6344763,10083626
6345077,10083936
6345123,10083987
6345158,10084002
6345166,10084010
6345239,10084118
6345344,10084207
6345514,10084398
6345565,10084452
6345581,10084479
6345611,10084495
6345654,10084525
6345670,10084541
6345700,10084584
6345727,10084606
6345751,10084630
6345794,10084665
6345832,10084711
6345859,10084746
6346057,10084940
6346065,10084959
6346162,10085033
6346189,10085068
6346200,10085084
6346243,10085122
6346286,10085157
6346308,10085173
6346316,10085181
6346340,10085238
6346375,10085262
6346448,10085327
6346472,10085351
6346480,10085378
6346510,10085408
6346537,10085424
6346561,10085459
6346596,10085475
6346642,10085513
6346669,10085548
6347037,10085912
6347223,10086102
6347304,10086188
6347614,10086374
6347622,10086382
7716885,10086420
6347770,10086544
6347827,10086595
6347878,10086641
6347924,10086714
6347932,10086722
6347959,10086749
6347983,10086773
6348297,10087125
6348335,10087176
6348793,10087621
6348912,10087745
6348920,10087753
6349013,10087869
6349080,10087923
6349110,10087966
6349226,10088059
6349234,10088067
6349277,10088105
6349331,10088172
6349358,10088180
6349498,10088334
6349544,10088377
6349552,10088385
6349579,10088407
6349625,10088466
6349862,10088687
6349897,10088717
6143148,10088733
6350003,10088830
6350011,10088849
6350038,10088857
6350127,10088962
6350178,10089004
6350232,10089063
6350399,10089233
6350569,10089403
6350623,10089470
6350658,10089497
6351395,10090029
6351867,10090509
6351883,10090525
6352030,10090681
6352111,10090770
6352170,10090827
6352219,10090878
6352510,10091203
6352529,10091211
6352537,10091238
6352626,10091300
6352790,10091475
9902376,10091688
6353207,10091920
6353274,10091998
6353355,10092080
6353363,10092099
6353371,10092102
6353444,10092161
6353592,10092323
6353770,10092536
6353827,10092587
6353916,10092676
6353983,10092749
6354017,10092773
6354173,10092943
6354289,10093052
6354602,10093419
6354637,10093443
6354785,10093591
6354998,10093818
6355005,10093826
6355145,10093966
6355188,10093990
6355234,10094032
6355285,10094083
6355439,10094237
6355625,10094423
6355714,10094520
6355757,10094563
6355897,10094717
6355927,10094741
6356079,10094881
6356192,10095012
6356214,10095039
6356265,10095098
6356303,10095136
6356621,10095462
6356656,10095489
6356796,10095624
6357105,10095942
6357113,10095950
6357148,10095977
6357156,10095985
6357164,10095993
6357229,10096051
6357288,10096116
6357660,10096124
6357679,10096183
6372996,10096213
6381960,10096248
6357814,10096515
6357938,10096620
6358039,10096744
6369898,10096833
6358136,10096841
6358152,10096876
6358241,10096973
6358268,10096981
6358284,10097015
6358381,10097120
6358446,10097163
6358489,10097236
6358551,10097317
6358691,10097457
6358799,10097562
6358888,10097651
6358918,10097686
6359019,10097791
6359280,10098097
6359337,10098143
6359353,10098178
6359388,10098194
6359426,10098224
6359442,10098240
6359515,10098321
6359620,10098437
6359647,10098453
6359809,10098615
6360165,10098984
6360211,10099034
6360327,10099131
6360335,10099166
6360343,10099174
6360394,10099212
6360408,10099220
6360475,10099301
6360513,10099352
6360548,10099387
6360572,10099417
6360629,10099476
6360696,10099530
6360866,10099719
6360874,10099727
6360971,10099832
6361005,10099859
6361056,10099891
6362176,10100814
6362222,10100865
6362370,10101020
6362516,10101179
6362559,10101217
6362567,10101225
6362702,10101373
6362745,10101438
6362753,10101446
6362966,10101640
6363016,10101691
6363121,10101829
6363296,10101993
6363350,10102043
6081738,10102159
6363466,10102167
6363474,10102175
6363512,10102213
6363679,10102361
6363695,10102396
6363717,10102426
6363733,10102442
6363857,10102574
6363873,10102590
6364101,10102825
6364136,10102841
6364179,10102892
6364225,10102949
6364365,10103090
6364403,10103120
6364640,10103384
6364659,10103392
6364683,10103422
6364888,10103627
6365000,10103740
6365019,10103759
6365116,10103856
6365205,10103953
6365612,10104380
6365906,10104682
6365922,10104704
6366201,10104992
6366228,10105018
6366244,10105042
6366252,10105050
6366295,10105093
6366333,10105131
6366430,10105239
6366503,10105301
6366554,10105352
6366716,10105522
6366724,10105530
6077196,10105611
6366864,10105697
6139299,10105743
6366910,10105751
6366988,10105824
6367070,10105921
6367240,10106111
6367283,10106162
6367348,10106219
6367526,10106391
6367585,10106464
6367674,10106545
6367836,10106707
6368522,10107436
6368697,10107592
6167144,10107630
6368956,10107762
6368980,10107800
6369189,10108025
6369243,10108092
6369286,10108122
6369367,10108211
6369375,10108238
6369901,10108246
6380042,10108254
6369421,10108289
6369537,10108394
6369561,10108424
6369707,10108556
6369731,10108580
6369820,10108696
6369855,10108734
6370160,10109013
6370233,10109099
6370306,10109153
6370497,10109358
6370519,10109374
6370578,10109420
6370616,10109471
6370861,10109757
6370888,10109765
6371140,10110046
6371191,10110097
6371213,10110127
6371299,10110208
6371388,10110283
6371582,10110496
6371604,10110526
6371655,10110577
6371663,10110585
6371701,10110615
6371728,10110623
6371973,10110895
6372074,10110992
6372147,10111085
6372228,10111158
6372236,10111166
6372287,10111212
6372740,10111697
6372775,10111727
6372821,10111786
6372864,10111816
6372899,10111840
6373046,10111964
6373062,10111980
6373232,10112162
6373283,10112219
6373305,10112235
6373496,10112413
6373518,10112421
6373615,10112545
6373844,10112774
6373925,10112855
6075444,10112928
6374301,10112979
6374085,10113037
6374107,10113053
6374174,10113150
6374271,10113266
6374328,10113290
6374344,10113312
6374476,10113452
6374492,10113487
6374549,10113533
6374662,10113657
6374670,10113665
6374719,10113711
6374743,10113754
6374956,10113975
6374980,10114017
6375022,10114068
6375049,10114084
6375200,10114246
6375332,10114386
6375413,10114467
6375847,10114890
6376126,10115161
6376193,10115250
6376215,10115277
6376282,10115358
6376355,10115420
6376479,10115544
6376894,10115951
6376940,10116028
6376975,10116052
6376991,10116079
6377262,10116362
6378072,10117210
6378501,10117660
6378676,10117849
6378749,10117938
6378781,10117989
6378811,10118004
6378978,10118179
6378986,10118187
6379168,10118365
6379176,10118373
6082394,10118462
6379397,10118608
6379826,10119035
6380123,10119337
6380166,10119388
6380425,10119647
6144691,10119949
6380794,10120041
6380832,10120092
6381227,10120505
6381448,10120750
6381596,10120904
6381901,10121226
6382010,10121315
6382029,10121331
6382053,10121374
6053912,10121528
6382231,10121560
6382304,10121625
6382541,10121897
6382738,10122079
6382746,10122087
6382940,10122281
6382975,10122338
6383041,10122400
6383254,10122591
6383289,10122648
6383297,10122656
6383602,10122990
6383777,10123148
6383874,10123253
6384102,10123512
6384242,10123636
6384358,10123741
6384471,10123873
6384560,10123962
6384676,10124063
6384684,10124071
6384765,10124187
6384838,10124233
6384927,10124349
6385036,10124454
6385052,10124470
6385192,10124616
6385206,10124624
6385257,10124675
6385419,10124799
6385737,10125132
6385885,10125272
6386326,10125728
6386792,10126201
6386881,10126309
6387012,10126422
6387071,10126473
6387098,10126481
6387128,10126538
6387578,10127011
6388019,10127402
6388795,10128255
6389651,10129162
6389821,10129332
6390218,10129731
6390633,10130195
6390722,10130292
6390978,10130462
6391109,10130470
6390994,10130489
6391192,10130667
6391540,10131019
6216102,10131256
6257372,10134379
6344097,10136223
6394485,10137300
6398545,10141707
6398928,10142002
6399525,10142622
6401228,10143262
6402445,10144501
6402720,10144765
6403026,10145044
6403344,10145362
6403921,10145931
6404065,10146083
6132499,10147993
6406173,10148159
6406432,10148388
6409334,10151222
6410790,10152733
6087191,10154981
6416756,10158596
6417604,10159444
6420176,10162011
6420222,10162089
6420605,10162437
6421229,10163107
6421342,10163166
6421911,10163735
6422926,10164715
6429335,10171088
6429416,10171169
6430147,10171908
6430155,10171916
6434592,10176306
6436269,10177973
6470742,10212736
6481612,10235302
6482058,10235744
6482066,10235752
6482139,10235825
6482147,10235833
6482155,10235841
6482201,10235892
6484360,10238050
6484379,10238069
6484387,10238077
6484395,10238085
6484417,10238107
6484425,10238115
6484433,10238123
6484441,10238131
6484476,10238166
6484484,10238174
6484492,10238182
6484506,10238190
6484514,10238204
6484522,10238212
6487785,10241477
103727681,10372768
